Season,Week,Date,Opponent,Completions,Attempts,Pass_Yds,Pass_TD,INT,Rush_Att,Rush_Yds,Rush_TD,Fantasy_Points,Def_Cmp_Allowed_pg,Def_Att_Allowed_pg,Def_PassYds_Allowed_pg,Def_PassTD_Allowed_pg,Def_INT_Forced_pg,Def_RushAtt_Allowed_pg,Def_RushYds_Allowed_pg,Def_RushTD_Allowed_pg,Def_Sacks_pg,Def_2PP_Allowed_pg,Def_FantasyPts_Allowed_pg
2017,17,12/31/2017,DEN,22.0,35.0,284.0,0.0,1.0,7.0,10.0,0.0,10.36,19.0625,34.375,199.875,0.75,0.875,3.375,17.5,0.25,2.625,0.0625,12.1
2018,1,9/9/2018,LAC,15.0,27.0,256.0,4.0,0.0,5.0,21.0,0.0,28.34,20.5625,32.6875,213.5625,1.0625,1.125,2.875,14.625,0.125,2.6875,0.0625,12.3
2018,2,9/16/2018,PIT,23.0,28.0,326.0,6.0,0.0,5.0,18.0,0.0,36.84,18.5625,31.0625,225.625,1.25,1.0,2.4375,10.6875,0.125,3.5,0.0625,13.8
2018,3,9/23/2018,SF,24.0,38.0,314.0,3.0,0.0,5.0,7.0,0.0,23.26,21.5,34.0,246.4375,1.6875,0.625,4.375,14.8125,0.25,1.875,0.125,18.4
2018,4,10/1/2018,DEN,28.0,45.0,304.0,1.0,0.0,3.0,7.0,1.0,20.86,18.375,30.625,211.5625,1.8125,0.5625,3.0,8.0625,0.0625,2.0625,,15.1
2018,5,10/7/2018,JAX,22.0,38.0,313.0,0.0,2.0,4.0,13.0,1.0,15.82,18.0,31.75,190.1875,1.0625,1.3125,3.6875,16.6875,0.0625,3.4375,0.0625,10.4
2018,6,10/14/2018,NE,23.0,36.0,352.0,4.0,2.0,2.0,9.0,0.0,26.98,22.9375,36.875,269.9375,1.5,0.75,3.1875,16.375,0.0625,2.625,0.0625,17.4
2018,7,10/21/2018,CIN,28.0,39.0,358.0,4.0,1.0,4.0,45.0,0.0,28.82,20.9375,35.0,225.8125,1.25,0.6875,3.1875,17.0625,0.1875,2.5625,,15.6
2018,8,10/28/2018,DEN,24.0,34.0,303.0,4.0,1.0,2.0,-1.0,0.0,26.02,18.375,30.625,211.5625,1.8125,0.5625,3.0,8.0625,0.0625,2.0625,,15.1
2018,9,11/4/2018,CLE,23.0,32.0,375.0,3.0,1.0,2.0,18.0,0.0,26.8,22.5,32.8125,242.5625,1.75,0.4375,3.625,11.1875,0.25,2.125,0.0625,18.2
2018,10,11/11/2018,ARI,21.0,28.0,249.0,2.0,0.0,4.0,21.0,0.0,20.06,21.4375,35.25,237.25,1.5,0.9375,3.0625,15.25,0.3125,2.3125,,16.8
2018,11,11/19/2018,LAR,33.0,46.0,478.0,6.0,3.0,6.0,28.0,0.0,35.92,20.25,34.625,237.4375,1.3125,1.0625,2.5625,12.8125,0.0625,3.0,,13.8
2018,13,12/2/2018,LV,23.0,38.0,295.0,4.0,0.0,9.0,52.0,0.0,33.0,22.5625,33.125,252.875,1.5,0.3125,2.875,9.4375,0.1875,1.9375,,17.2
2018,14,12/9/2018,BAL,35.0,53.0,377.0,2.0,1.0,2.0,-3.0,0.0,18.78,20.75,35.5,230.0,1.0625,1.375,2.6875,11.0,0.0,2.5625,,10.9
2018,15,12/13/2018,LAC,24.0,34.0,243.0,2.0,0.0,2.0,3.0,0.0,16.02,20.5625,32.6875,213.5625,1.0625,1.125,2.875,14.625,0.125,2.6875,0.0625,12.3
2018,16,12/23/2018,SEA,23.0,40.0,273.0,3.0,0.0,3.0,33.0,0.0,26.22,20.3125,34.625,226.0,1.1875,0.875,3.75,16.4375,0.0,2.4375,,13.1
2018,17,12/30/2018,LV,14.0,24.0,281.0,2.0,1.0,2.0,1.0,0.0,17.34,22.5625,33.125,252.875,1.5,0.3125,2.875,9.4375,0.1875,1.9375,,17.2
2019,1,9/8/2019,JAX,25.0,33.0,378.0,3.0,0.0,1.0,2.0,0.0,27.32,19.5,31.1875,209.625,1.0625,0.6875,5.75,29.4375,0.3125,2.3125,,15.9
2019,2,9/15/2019,LV,30.0,44.0,443.0,4.0,0.0,1.0,-1.0,0.0,31.62,18.625,29.9375,242.5625,2.1875,0.875,3.9375,16.125,0.125,0.8125,0.0625,18.9
2019,3,9/22/2019,BAL,27.0,37.0,374.0,3.0,0.0,4.0,9.0,0.0,25.86,21.0625,35.9375,228.1875,1.3125,0.75,2.8125,12.1875,0.125,2.6875,0.0625,14.6
2019,4,9/29/2019,DET,24.0,42.0,315.0,0.0,0.0,6.0,54.0,0.0,18.0,20.125,30.9375,243.0625,1.8125,0.4375,3.0,7.4375,0.125,2.6875,0.125,17.4
2019,5,10/6/2019,IND,22.0,39.0,321.0,1.0,0.0,3.0,17.0,0.0,18.54,23.9375,33.8125,251.8125,1.3125,0.9375,2.9375,11.375,0.25,2.375,,15.9
2019,6,10/13/2019,HOU,19.0,35.0,273.0,3.0,1.0,1.0,-1.0,0.0,18.82,23.875,36.9375,273.4375,1.625,0.9375,3.625,16.9375,0.0,2.6875,0.0625,16.9
2019,7,10/17/2019,DEN,10.0,11.0,76.0,1.0,0.0,1.0,2.0,0.0,7.24,22.0,34.1875,264.875,1.5625,1.0625,2.9375,5.75,0.0625,2.75,,15.2
2019,10,11/10/2019,TEN,36.0,50.0,446.0,3.0,0.0,0.0,0.0,0.0,29.84,21.0,33.0625,232.0625,1.3125,0.6875,3.625,16.625,0.125,2.4375,,15.1
2019,11,11/18/2019,LAC,19.0,32.0,182.0,1.0,1.0,5.0,59.0,0.0,15.18,21.875,34.1875,242.125,1.4375,0.8125,3.875,15.0625,0.0,2.375,0.0625,15.2
2019,13,12/1/2019,LV,15.0,29.0,175.0,1.0,0.0,3.0,25.0,1.0,19.5,18.625,29.9375,242.5625,2.1875,0.875,3.9375,16.125,0.125,0.8125,0.0625,18.9
2019,14,12/8/2019,NE,26.0,40.0,283.0,1.0,1.0,6.0,6.0,0.0,13.92,23.0625,37.75,260.0,1.8125,1.125,2.75,18.9375,0.0625,1.875,,17.3
2019,15,12/15/2019,DEN,27.0,34.0,340.0,2.0,1.0,3.0,11.0,0.0,20.7,22.0,34.1875,264.875,1.5625,1.0625,2.9375,5.75,0.0625,2.75,,15.2
2019,16,12/22/2019,CHI,23.0,33.0,251.0,2.0,0.0,2.0,14.0,1.0,25.44,23.4375,38.3125,237.375,1.3125,1.6875,1.875,11.5625,0.0625,3.125,0.1875,12.9
2019,17,12/29/2019,LAC,16.0,25.0,174.0,1.0,1.0,7.0,21.0,0.0,11.06,21.875,34.1875,242.125,1.4375,0.8125,3.875,15.0625,0.0,2.375,0.0625,15.2
2020,1,9/10/2020,HOU,24.0,32.0,211.0,3.0,0.0,0.0,0.0,0.0,20.44,23.375,36.4375,280.8125,2.0625,0.75,3.25,18.1875,0.1875,1.875,0.0625,20.4
2020,2,9/20/2020,LAC,27.0,47.0,302.0,2.0,0.0,6.0,54.0,0.0,25.48,20.375,28.875,210.875,1.3125,0.6875,3.6875,13.8125,0.0625,1.8125,,13.8
2020,3,9/28/2020,BAL,31.0,42.0,385.0,4.0,0.0,4.0,26.0,1.0,40.0,19.8125,33.8125,223.6875,0.9375,0.75,2.1875,8.25,0.0625,2.25,0.1875,12.0
2020,4,10/5/2020,NE,19.0,29.0,236.0,2.0,0.0,8.0,28.0,0.0,20.24,18.8125,33.25,199.25,0.75,1.5625,3.625,14.0,0.25,2.9375,,10.9
2020,5,10/11/2020,LV,22.0,43.0,340.0,2.0,1.0,6.0,21.0,1.0,27.7,21.0625,32.875,272.1875,2.0625,0.5625,3.75,15.625,0.1875,2.0,,20.3
2020,6,10/19/2020,BUF,21.0,26.0,225.0,2.0,0.0,10.0,36.0,0.0,18.6,21.75,34.5625,213.8125,0.9375,0.875,3.5,9.6875,0.125,2.6875,0.1875,12.5
2020,7,10/25/2020,DEN,15.0,23.0,200.0,1.0,0.0,0.0,0.0,0.0,12.0,21.75,33.5625,238.875,1.1875,0.625,2.5625,11.6875,0.125,2.5,0.0625,14.8
2020,8,11/1/2020,NYJ,31.0,42.0,416.0,5.0,0.0,0.0,0.0,0.0,36.64,22.6875,36.5625,250.0625,1.5625,0.75,4.5625,16.5,0.125,2.1875,0.125,16.7
2020,9,11/8/2020,CAR,30.0,45.0,372.0,4.0,0.0,1.0,6.0,0.0,31.48,21.625,33.8125,249.625,1.3125,0.75,3.6875,13.8125,0.1875,3.3125,0.0625,16.6
2020,11,11/22/2020,LV,34.0,45.0,348.0,2.0,1.0,4.0,16.0,0.0,21.52,21.0625,32.875,272.1875,2.0625,0.5625,3.75,15.625,0.1875,2.0,,20.3
2020,12,11/29/2020,TB,37.0,49.0,462.0,3.0,0.0,4.0,28.0,0.0,31.28,25.375,41.375,288.0,1.875,0.75,3.25,13.0625,0.125,2.9375,0.3125,19.2
2020,13,12/6/2020,DEN,25.0,40.0,318.0,1.0,0.0,4.0,26.0,0.0,19.32,21.75,33.5625,238.875,1.1875,0.625,2.5625,11.6875,0.125,2.5,0.0625,14.8
2020,14,12/13/2020,MIA,24.0,34.0,393.0,2.0,3.0,5.0,9.0,0.0,16.62,21.5,34.0625,272.0625,2.4375,0.8125,2.5625,8.0,0.1875,1.4375,0.125,21.3
2020,15,12/20/2020,NO,26.0,47.0,254.0,3.0,0.0,7.0,37.0,0.0,21.86,23.125,37.625,260.375,1.625,0.8125,2.5,13.4375,0.25,3.1875,0.0625,17.9
2020,16,12/27/2020,ATL,24.0,44.0,278.0,2.0,1.0,3.0,21.0,0.0,19.22,21.8125,33.375,256.6875,1.75,0.75,4.1875,17.375,0.3125,1.75,0.0625,20.0
2021,1,9/12/2021,CLE,27.0,36.0,337.0,3.0,0.0,5.0,18.0,1.0,33.28,23.0625,36.375,260.3125,1.875,0.6875,4.6875,23.75,0.1875,2.375,0.0625,19.9
2021,2,9/19/2021,BAL,24.0,31.0,343.0,3.0,1.0,1.0,3.0,0.0,24.02,23.625,37.125,235.75,1.3125,0.625,3.125,14.0625,0.3125,2.4375,0.1875,16.9
2021,3,9/26/2021,LAC,27.0,44.0,260.0,3.0,2.0,4.0,45.0,0.0,22.9,21.125,33.8125,228.5,1.6875,0.75,5.0,21.375,0.5,1.6875,0.125,19.5
2021,4,10/3/2021,PHI,24.0,30.0,278.0,5.0,1.0,5.0,26.0,0.0,31.72,22.6875,33.0625,256.0,1.6875,0.5,4.9375,25.5,0.1875,3.0625,,18.8
2021,5,10/10/2021,BUF,33.0,54.0,272.0,2.0,2.0,8.0,61.0,0.0,18.98,23.0,35.75,244.625,1.4375,0.9375,3.9375,20.4375,0.4375,2.375,0.3125,18.3
2021,6,10/17/2021,WAS,32.0,47.0,397.0,2.0,2.0,3.0,31.0,0.0,20.98,20.5,32.9375,210.1875,1.3125,1.0,4.3125,23.3125,0.375,2.875,0.0625,15.7
2021,7,10/24/2021,TEN,20.0,35.0,206.0,0.0,1.0,6.0,35.0,0.0,5.74,26.375,39.25,286.6875,2.25,0.9375,3.6875,14.125,0.1875,1.1875,0.0625,21.2
2021,8,11/1/2021,NYG,29.0,48.0,275.0,1.0,1.0,3.0,10.0,0.0,12.0,24.1875,35.8125,257.4375,1.3125,0.6875,5.0625,18.3125,0.0625,2.5,,16.2
2021,9,11/7/2021,GB,20.0,37.0,166.0,1.0,0.0,2.0,-2.0,0.0,10.44,21.625,33.5,237.0625,1.4375,0.6875,2.875,16.75,0.125,2.5625,0.125,16.0
2021,10,11/14/2021,LV,35.0,50.0,406.0,5.0,0.0,0.0,0.0,0.0,36.24,23.0625,36.1875,271.0625,1.75,0.625,3.75,13.4375,0.3125,1.3125,0.25,20.1
2021,11,11/21/2021,DAL,23.0,37.0,260.0,0.0,1.0,7.0,11.0,0.0,7.5,20.375,31.875,234.6875,2.0625,0.625,4.875,22.875,0.125,1.9375,0.1875,18.9
2021,13,12/5/2021,DEN,15.0,29.0,184.0,0.0,1.0,4.0,12.0,1.0,12.56,23.25,35.25,253.1875,1.3125,0.625,4.3125,23.625,0.5,2.625,0.0625,19.7
2021,14,12/12/2021,LV,20.0,24.0,258.0,2.0,0.0,4.0,20.0,0.0,18.32,23.0625,36.1875,271.0625,1.75,0.625,3.75,13.4375,0.3125,1.3125,0.25,20.1
2021,15,12/16/2021,LAC,31.0,47.0,410.0,3.0,1.0,3.0,32.0,0.0,27.6,21.125,33.8125,228.5,1.6875,0.75,5.0,21.375,0.5,1.6875,0.125,19.5
2021,16,12/26/2021,PIT,23.0,30.0,258.0,3.0,0.0,0.0,0.0,0.0,20.32,18.625,32.8125,218.375,1.375,1.125,4.125,21.875,0.0625,3.5,0.125,14.2
2022,17,1/2/2022,CIN,26.0,35.0,259.0,2.0,0.0,2.0,25.0,0.0,20.86,24.64705882,36.76470588,263.9411765,1.529411765,0.764705882,3.352941176,14.82352941,0.058823529,2.470588235,0.058823529,16.9
2022,18,1/8/2022,DEN,27.0,44.0,270.0,2.0,0.0,9.0,54.0,0.0,24.2,20.05882353,33.05882353,229.4705882,1.294117647,0.764705882,4.352941176,18.11764706,0.117647059,2.117647059,,15.2
2022,1,9/11/2022,ARI,30.0,39.0,360.0,5.0,0.0,3.0,5.0,0.0,32.9,21.47058824,32.88235294,225.5882353,1.764705882,0.764705882,3.470588235,15.29411765,0.176470588,2.411764706,0.176470588,16.3
2022,2,9/15/2022,LAC,24.0,35.0,235.0,2.0,0.0,2.0,-1.0,0.0,17.3,20.94117647,32.76470588,234.7647059,1.588235294,0.647058824,3.411764706,17.29411765,0.176470588,2.058823529,0.176470588,17.1
2022,3,9/25/2022,IND,20.0,35.0,262.0,1.0,1.0,4.0,26.0,0.0,15.08,22.94117647,35.05882353,247.2352941,1.882352941,1.117647059,4.235294118,22.47058824,0.0,1.941176471,0.176470588,17.5
2022,4,10/2/2022,TB,23.0,37.0,249.0,3.0,1.0,4.0,34.0,0.0,23.36,26.05882353,39.76470588,253.0588235,1.529411765,1.0,4.941176471,23.47058824,0.176470588,2.764705882,0.058823529,17.3
2022,5,10/10/2022,LV,29.0,43.0,292.0,4.0,0.0,4.0,28.0,0.0,30.48,23.47058824,35.52941176,234.1176471,1.705882353,0.352941176,3.941176471,16.41176471,0.058823529,2.0,0.235294118,17.3
2022,6,10/16/2022,BUF,25.0,40.0,338.0,2.0,2.0,4.0,21.0,0.0,19.62,17.47058824,31.11764706,179.2352941,0.705882353,1.117647059,4.529411765,17.17647059,0.294117647,2.411764706,0.117647059,11.2
2022,7,10/23/2022,SF,25.0,34.0,423.0,3.0,1.0,0.0,0.0,0.0,24.92,21.70588235,31.76470588,224.4117647,1.470588235,0.529411765,3.764705882,21.29411765,0.235294118,2.823529412,0.117647059,17.3
2022,9,11/6/2022,TEN,43.0,68.0,446.0,1.0,1.0,6.0,63.0,1.0,32.14,23.23529412,36.88235294,263.8235294,1.411764706,0.941176471,3.647058824,13.52941176,0.294117647,2.529411765,0.058823529,17.5
2022,10,11/13/2022,JAX,26.0,35.0,331.0,4.0,1.0,7.0,39.0,0.0,29.14,22.17647059,31.94117647,241.8235294,1.411764706,0.411764706,3.764705882,19.47058824,0.235294118,1.882352941,0.058823529,17.8
2022,11,11/20/2022,LAC,20.0,34.0,329.0,3.0,0.0,4.0,23.0,0.0,25.46,20.94117647,32.76470588,234.7647059,1.588235294,0.647058824,3.411764706,17.29411765,0.176470588,2.058823529,0.176470588,17.1
2022,12,11/27/2022,LAR,27.0,42.0,320.0,1.0,1.0,4.0,36.0,0.0,18.4,24.35294118,36.58823529,260.8823529,0.941176471,1.117647059,3.411764706,17.17647059,0.235294118,2.941176471,0.117647059,15.2
2022,13,12/4/2022,CIN,16.0,27.0,223.0,1.0,0.0,2.0,9.0,1.0,19.82,24.64705882,36.76470588,263.9411765,1.529411765,0.764705882,3.352941176,14.82352941,0.058823529,2.470588235,0.058823529,16.9
2022,14,12/11/2022,DEN,28.0,42.0,352.0,3.0,3.0,3.0,-3.0,0.0,19.78,20.05882353,33.05882353,229.4705882,1.294117647,0.764705882,4.352941176,18.11764706,0.117647059,2.117647059,,15.2
2022,15,12/18/2022,HOU,36.0,41.0,336.0,2.0,0.0,5.0,33.0,1.0,28.74,21.35294118,32.11764706,255.4117647,1.588235294,1.0,4.0,10.35294118,0.294117647,1.882352941,0.117647059,17.5
2022,16,12/24/2022,SEA,16.0,28.0,224.0,2.0,0.0,2.0,8.0,1.0,23.76,26.05882353,38.70588235,280.3529412,1.411764706,0.647058824,3.470588235,13.58823529,0.0,2.0,0.117647059,16.9
2023,17,1/1/2023,DEN,29.0,42.0,328.0,3.0,1.0,4.0,8.0,0.0,23.92,23.05882353,35.52941176,224.6470588,1.176470588,0.823529412,3.529411765,11.35294118,0.117647059,2.117647059,0.058823529,14.0
2023,18,1/7/2023,LV,18.0,26.0,202.0,1.0,0.0,3.0,29.0,0.0,14.98,23.41176471,34.64705882,254.0588235,1.470588235,0.352941176,3.529411765,15.82352941,0.235294118,1.588235294,0.117647059,18.5
2023,1,9/7/2023,DET,21.0,39.0,226.0,2.0,1.0,6.0,45.0,0.0,19.54,20.76470588,32.94117647,261.5294118,1.529411765,0.705882353,5.882352941,41.17647059,0.411764706,2.235294118,0.117647059,21.9
2023,2,9/17/2023,JAX,29.0,41.0,305.0,2.0,1.0,7.0,30.0,0.0,21.2,22.64705882,35.35294118,250.4705882,1.470588235,0.823529412,5.411764706,27.58823529,0.117647059,2.058823529,0.176470588,17.5
2023,3,9/24/2023,CHI,24.0,33.0,272.0,3.0,0.0,3.0,28.0,0.0,25.68,18.94117647,28.17647059,224.5294118,1.294117647,0.823529412,6.0,22.29411765,0.529411765,1.176470588,0.176470588,18.2
2023,4,10/1/2023,NYJ,18.0,30.0,203.0,1.0,2.0,7.0,51.0,0.0,11.22,20.41176471,32.70588235,207.4117647,0.882352941,0.705882353,4.764705882,19.17647059,0.352941176,2.647058824,,14.1
2023,5,10/8/2023,MIN,31.0,41.0,281.0,2.0,0.0,0.0,0.0,0.0,19.24,24.0,36.23529412,279.7647059,1.352941176,0.882352941,3.647058824,20.11764706,0.235294118,2.235294118,0.117647059,18.1
2023,6,10/12/2023,DEN,30.0,40.0,306.0,1.0,1.0,6.0,31.0,0.0,17.34,23.05882353,35.52941176,224.6470588,1.176470588,0.823529412,3.529411765,11.35294118,0.117647059,2.117647059,0.058823529,14.0
2023,7,10/22/2023,LAC,32.0,42.0,424.0,4.0,1.0,4.0,29.0,0.0,33.86,18.23529412,29.70588235,217.2352941,1.411764706,0.823529412,3.352941176,13.88235294,0.176470588,2.294117647,0.058823529,15.0
2023,8,10/29/2023,DEN,24.0,38.0,240.0,0.0,2.0,3.0,20.0,0.0,5.6,23.05882353,35.52941176,224.6470588,1.176470588,0.823529412,3.529411765,11.35294118,0.117647059,2.117647059,0.058823529,14.0
2023,9,11/5/2023,MIA,20.0,30.0,185.0,2.0,0.0,6.0,24.0,0.0,15.8,24.41176471,36.64705882,250.5294118,1.588235294,0.470588235,5.176470588,30.88235294,0.176470588,2.352941176,0.117647059,19.6
2023,11,11/20/2023,PHI,24.0,43.0,177.0,2.0,1.0,6.0,38.0,0.0,16.88,20.35294118,32.47058824,207.0,1.235294118,1.0,4.058823529,26.35294118,0.117647059,3.941176471,0.058823529,13.7
2023,12,11/26/2023,LV,27.0,34.0,298.0,2.0,0.0,5.0,9.0,0.0,20.82,23.41176471,34.64705882,254.0588235,1.470588235,0.352941176,3.529411765,15.82352941,0.235294118,1.588235294,0.117647059,18.5
2023,13,12/3/2023,GB,21.0,33.0,210.0,1.0,1.0,4.0,26.0,0.0,13.0,18.35294118,28.0,208.7647059,1.235294118,1.0,4.117647059,22.52941176,0.117647059,2.0,,14.0
2023,14,12/10/2023,BUF,25.0,43.0,271.0,1.0,1.0,1.0,8.0,0.0,13.64,22.625,35.625,232.5625,1.3125,1.0625,3.5625,14.375,0.0,2.5,,13.4
2023,15,12/17/2023,NE,27.0,37.0,305.0,2.0,2.0,3.0,-5.0,0.0,15.7,21.35294118,35.0,236.3529412,1.647058824,1.117647059,4.235294118,20.47058824,0.117647059,3.176470588,0.058823529,16.3
2023,16,12/25/2023,LV,27.0,44.0,235.0,1.0,1.0,10.0,53.0,0.0,14.7,23.41176471,34.64705882,254.0588235,1.470588235,0.352941176,3.529411765,15.82352941,0.235294118,1.588235294,0.117647059,18.5
2023,17,12/31/2023,CIN,21.0,29.0,245.0,1.0,0.0,4.0,2.0,0.0,12.0,20.4375,34.625,238.25,1.0625,0.75,2.8125,12.125,0.125,1.875,,13.5
2024,1,9/5/2024,BAL,,28.0,291.0,1.0,1.0,2.0,3.0,0.0,13.94,22.58823529,37.29411765,218.6470588,1.058823529,1.058823529,3.235294118,16.76470588,0.058823529,3.529411765,,12.3
2024,2,9/15/2024,CIN,18.0,25.0,151.0,2.0,2.0,4.0,29.0,0.0,12.94,21.35294118,32.52941176,263.4117647,1.294117647,1.0,5.176470588,22.05882353,0.235294118,2.588235294,0.117647059,17.1
2024,3,9/22/2024,ATL,26.0,39.0,217.0,2.0,1.0,6.0,17.0,0.0,16.38,20.0,32.29411765,218.0588235,1.411764706,0.470588235,5.352941176,25.64705882,0.352941176,2.411764706,0.058823529,18.1
2024,4,9/29/2024,LAC,19.0,29.0,245.0,1.0,1.0,5.0,12.0,0.0,13.0,22.76470588,35.05882353,268.7058824,1.470588235,0.529411765,4.117647059,13.52941176,0.352941176,2.823529412,,18.5
2024,5,10/7/2024,NO,28.0,39.0,331.0,0.0,1.0,6.0,22.0,0.0,13.44,19.52941176,32.70588235,220.8823529,1.294117647,1.058823529,4.235294118,23.05882353,0.117647059,2.0,0.117647059,14.6
2024,7,10/20/2024,SF,16.0,27.0,154.0,0.0,2.0,5.0,39.0,1.0,12.06,24.11764706,36.47058824,232.2941176,1.176470588,1.294117647,5.058823529,19.52941176,0.117647059,2.823529412,0.058823529,14.0
2024,8,10/27/2024,LV,27.0,38.0,262.0,2.0,1.0,6.0,17.0,0.0,18.18,22.05882353,33.05882353,228.7647059,1.235294118,0.764705882,4.117647059,16.64705882,0.117647059,2.647058824,,14.6
2024,9,11/4/2024,TB,34.0,44.0,291.0,3.0,0.0,2.0,9.0,0.0,24.54,23.76470588,35.94117647,268.7058824,1.352941176,0.764705882,3.705882353,13.76470588,0.352941176,2.823529412,0.058823529,18.0
2024,10,11/10/2024,DEN,28.0,42.0,266.0,1.0,0.0,3.0,19.0,0.0,16.54,22.41176471,33.47058824,252.2352941,1.705882353,0.647058824,3.823529412,14.41176471,0.117647059,2.470588235,0.058823529,17.1
2024,11,11/17/2024,BUF,23.0,33.0,196.0,3.0,2.0,0.0,0.0,0.0,15.84,21.29411765,32.41176471,215.1764706,1.058823529,1.058823529,4.529411765,19.76470588,0.235294118,3.117647059,0.058823529,13.9
2024,12,11/24/2024,CAR,27.0,37.0,269.0,3.0,0.0,5.0,60.0,0.0,26.76,18.17647059,28.29411765,182.8823529,1.117647059,0.470588235,4.058823529,7.294117647,0.176470588,1.588235294,0.058823529,12.9
2024,13,11/29/2024,LV,26.0,46.0,306.0,1.0,0.0,2.0,4.0,0.0,14.64,22.05882353,33.05882353,228.7647059,1.235294118,0.764705882,4.117647059,16.64705882,0.117647059,2.647058824,,14.6
2024,14,12/8/2024,LAC,24.0,37.0,210.0,1.0,0.0,4.0,17.0,0.0,14.1,22.76470588,35.05882353,268.7058824,1.470588235,0.529411765,4.117647059,13.52941176,0.352941176,2.823529412,,18.5
2024,15,12/15/2024,CLE,19.0,38.0,159.0,2.0,0.0,2.0,14.0,0.0,15.76,18.05882353,31.47058824,185.2352941,1.352941176,1.058823529,4.235294118,14.76470588,0.294117647,2.882352941,0.058823529,13.4
2024,16,12/21/2024,HOU,28.0,41.0,260.0,1.0,0.0,5.0,33.0,1.0,23.7,22.41176471,33.17647059,253.6470588,1.0,0.823529412,3.823529412,16.64705882,0.411764706,2.705882353,0.235294118,17.2
2024,17,12/25/2024,PIT,29.0,38.0,320.0,3.0,0.0,1.0,12.0,0.0,26.0,20.41176471,33.64705882,244.5882353,1.294117647,0.941176471,3.529411765,16.11764706,0.0,2.764705882,0.176470588,14.6
2025,1,2025-09-05 00:00:00,LAC,,,,,,,,,,21.529411764705884,33.1764705882353,221.11764705882354,1.411764705882353,0.8823529411764706,4.235294117647059,23.058823529411764,0.17647058823529413,2.7058823529411766,,15.9
2025,2,2025-09-12 00:00:00,PHI,,,,,,,,,,19.823529411764707,31.88235294117647,192.11764705882354,1.2941176470588236,0.7647058823529411,4.352941176470588,20.764705882352942,0.17647058823529413,2.411764705882353,0.17647058823529413,14.5
2025,3,2025-09-19 00:00:00,NYG,,,,,,,,,,20.529411764705884,29.58823529411765,227.58823529411765,1.3529411764705883,0.29411764705882354,4.470588235294118,23.705882352941178,0.23529411764705882,2.6470588235294117,0.058823529411764705,17.1
2025,4,2025-09-26 00:00:00,BAL,,,,,,,,,,23.235294117647058,36.705882352941174,262.70588235294116,1.5294117647058822,0.7058823529411765,3.6470588235294117,13.705882352941176,0.17647058823529413,3.176470588235294,0.058823529411764705,17.8
2025,5,2025-10-01 00:00:00,JAX,,,,,,,,,,22.823529411764707,34.05882352941177,269.47058823529414,1.7058823529411764,0.35294117647058826,5.176470588235294,24.647058823529413,0.11764705882352941,2.0,0.058823529411764705,20.1
2025,6,2025-10-08 00:00:00,DET,,,,,,,,,,21.941176470588236,35.8235294117647,259.05882352941177,1.0588235294117647,0.9411764705882353,4.294117647058823,26.705882352941178,0.35294117647058826,2.176470588235294,0.058823529411764705,17.5
2025,7,2025-10-15 00:00:00,LV,,,,,,,,,,21.764705882352942,33.0,234.64705882352942,1.7058823529411764,0.5882352941176471,3.823529411764706,16.647058823529413,0.17647058823529413,2.176470588235294,0.058823529411764705,17.8
2025,8,2025-10-22 00:00:00,WAS,,,,,,,,,,18.0,29.058823529411764,204.1764705882353,1.411764705882353,0.4117647058823529,4.764705882352941,20.0,0.11764705882352941,2.4705882352941178,0.058823529411764705,15.5
2025,9,2025-11-01 00:00:00,BUF,,,,,,,,,,23.294117647058822,34.0,241.1764705882353,1.6470588235294117,0.9411764705882353,3.1176470588235294,15.470588235294118,0.11764705882352941,2.2941176470588234,0.058823529411764705,15.7
2025,11,2025-11-15 00:00:00,DEN,,,,,,,,,,23.058823529411764,35.529411764705884,239.88235294117646,1.2941176470588236,0.8823529411764706,3.9411764705882355,17.352941176470587,0.17647058823529413,3.7058823529411766,0.11764705882352941,15.7
2025,12,2025-11-22 00:00:00,IND,,,,,,,,,,22.176470588235293,32.0,242.35294117647058,1.588235294117647,0.9411764705882353,4.470588235294118,18.941176470588236,0.23529411764705882,2.1176470588235294,0.11764705882352941,17.2
2025,13,2025-12-01 00:00:00,DAL,,,,,,,,,,20.529411764705884,30.058823529411764,237.94117647058823,1.6470588235294117,0.7647058823529411,5.470588235294118,32.529411764705884,0.5882352941176471,3.0588235294117645,,20.9
2025,14,2025-12-08 00:00:00,HOU,,,,,,,,,,19.11764705882353,32.470588235294116,220.52941176470588,1.8235294117647058,1.1176470588235294,3.5294117647058822,23.529411764705884,0.17647058823529413,2.8823529411764706,0.11764705882352941,16.9
2025,15,2025-12-15 00:00:00,LAC,,,,,,,,,,21.529411764705884,33.1764705882353,221.11764705882354,1.411764705882353,0.8823529411764706,4.235294117647059,23.058823529411764,0.17647058823529413,2.7058823529411766,,15.9
2025,16,2025-12-22 00:00:00,TEN,,,,,,,,,,18.41176470588235,27.764705882352942,189.0,1.5294117647058822,0.6470588235294118,4.9411764705882355,25.58823529411765,0.35294117647058826,1.8823529411764706,0.058823529411764705,16.7
2025,17,2025-12-29 00:00:00,DEN,,,,,,,,,,23.058823529411764,35.529411764705884,239.88235294117646,1.2941176470588236,0.8823529411764706,3.9411764705882355,17.352941176470587,0.17647058823529413,3.7058823529411766,0.11764705882352941,15.7
2025,18,2026-01-01 00:00:00,LV,,,,,,,,,,21.764705882352942,33.0,234.64705882352942,1.7058823529411764,0.5882352941176471,3.823529411764706,16.647058823529413,0.17647058823529413,2.176470588235294,0.058823529411764705,17.8
